{"cameraMode":{"drawMode":0,"name":"Shaded","section":"Shading Mode"},"sceneLighting":false,"audioPlay":false,"sceneViewState":{"showFog":true,"showMaterialUpdate":false,"showSkybox":true,"showFlares":true,"showImageEffects":true,"showParticleSystems":true},"in2DMode":false,"pivot":{"x":1.4999998807907105,"y":0.5000002384185791,"z":1.4999996423721314},"rotation":{"x":0.18740849196910859,"y":0.812536358833313,"z":-0.39551103115081789,"w":0.38501134514808657},"size":2.857884645462036,"orthographic":true}