{"cameraMode":{"drawMode":0,"name":"Shaded","section":"Shading Mode"},"sceneLighting":false,"audioPlay":false,"sceneViewState":{"showFog":true,"showMaterialUpdate":false,"showSkybox":true,"showFlares":true,"showImageEffects":true,"showParticleSystems":true},"in2DMode":false,"pivot":{"x":1.5093940496444703,"y":-0.24057364463806153,"z":1.3778893947601319},"rotation":{"x":0.21927578747272492,"y":0.7548478245735169,"z":-0.30923426151275637,"w":0.5352542996406555},"size":4.357884883880615,"orthographic":false}