{"cameraMode":{"drawMode":0,"name":"Shaded","section":"Shading Mode"},"sceneLighting":false,"audioPlay":false,"sceneViewState":{"showFog":true,"showMaterialUpdate":false,"showSkybox":true,"showFlares":true,"showImageEffects":true,"showParticleSystems":true},"in2DMode":false,"pivot":{"x":0.39190125465393069,"y":0.03941638767719269,"z":0.19750909507274629},"rotation":{"x":0.29541271924972536,"y":0.16291482746601106,"z":-0.05119828134775162,"w":0.9399834871292114},"size":2.8578836917877199,"orthographic":true}