{"cameraMode":{"drawMode":0,"name":"Shaded","section":"Shading Mode"},"sceneLighting":false,"audioPlay":false,"sceneViewState":{"showFog":true,"showMaterialUpdate":false,"showSkybox":true,"showFlares":true,"showImageEffects":true,"showParticleSystems":true},"in2DMode":false,"pivot":{"x":-5.960464477539063e-8,"y":0.5000002384185791,"z":-2.980232238769531e-7},"rotation":{"x":-0.017146794125437738,"y":0.8646624088287354,"z":-0.5011883974075317,"w":-0.029582707211375238},"size":2.857884645462036,"orthographic":false}