{"cameraMode":{"drawMode":0,"name":"Shaded","section":"Shading Mode"},"sceneLighting":false,"audioPlay":false,"sceneViewState":{"showFog":true,"showMaterialUpdate":false,"showSkybox":true,"showFlares":true,"showImageEffects":true,"showParticleSystems":true},"in2DMode":false,"pivot":{"x":-0.6952942609786987,"y":0.49781107902526858,"z":-0.14247775077819825},"rotation":{"x":0.03963178023695946,"y":0.8595022559165955,"z":-0.5051112771034241,"w":0.06743718683719635},"size":3.1578845977783205,"orthographic":false}