{"cameraMode":{"drawMode":0,"name":"Shaded","section":"Shading Mode"},"sceneLighting":false,"audioPlay":false,"sceneViewState":{"showFog":true,"showMaterialUpdate":false,"showSkybox":true,"showFlares":true,"showImageEffects":true,"showParticleSystems":true},"in2DMode":false,"pivot":{"x":0.122314453125,"y":0.125244140625,"z":0.1217041015625},"rotation":{"x":0.2868412435054779,"y":0.5131593346595764,"z":-0.18702739477157594,"w":0.7870263457298279},"size":7.924962520599365,"orthographic":true}