{"cameraMode":{"drawMode":0,"name":"Shaded","section":"Shading Mode"},"sceneLighting":false,"audioPlay":false,"sceneViewState":{"showFog":true,"showMaterialUpdate":false,"showSkybox":true,"showFlares":true,"showImageEffects":true,"showParticleSystems":true},"in2DMode":false,"pivot":{"x":0.4999999403953552,"y":0.5000002384185791,"z":0.4999997019767761},"rotation":{"x":0.09622183442115784,"y":0.902478039264679,"z":-0.27029460668563845,"w":0.3212720453739166},"size":2.857884645462036,"orthographic":false}