{"cameraMode":{"drawMode":0,"name":"Shaded","section":"Shading Mode"},"sceneLighting":false,"audioPlay":false,"sceneViewState":{"showFog":true,"showMaterialUpdate":false,"showSkybox":true,"showFlares":true,"showImageEffects":true,"showParticleSystems":true},"in2DMode":false,"pivot":{"x":0.393507719039917,"y":0.20742392539978028,"z":-0.16966670751571656},"rotation":{"x":0.03705323860049248,"y":0.6100722551345825,"z":-0.028578225523233415,"w":0.7909628748893738},"size":2.857884645462036,"orthographic":false}