{"cameraMode":{"drawMode":0,"name":"Shaded","section":"Shading Mode"},"sceneLighting":false,"audioPlay":false,"sceneViewState":{"showFog":true,"showMaterialUpdate":false,"showSkybox":true,"showFlares":true,"showImageEffects":true,"showParticleSystems":true},"in2DMode":false,"pivot":{"x":9.149999618530274,"y":9.170000076293946,"z":10.079999923706055},"rotation":{"x":-0.26526781916618349,"y":0.3852733075618744,"z":-0.1166498214006424,"w":-0.8761223554611206},"size":22.0,"orthographic":true}